rel_type,provenance,edges
INCREASE,CBM,2515
CAUSES,GPT-fulltext,1562
LEADS_TO,GPT-fulltext,762
INDUCES,GPT-fulltext,624
INCREASES,GPT-fulltext,576
DECREASE,CBM,380
ACTIVATES,GPT-fulltext,360
TRIGGERS,GPT-fulltext,328
CAUSES,GPT,324
RESULTS_IN,GPT-fulltext,304
PROMOTES,GPT-fulltext,246
LEADS_TO,GPT,230
AFFECTS,GPT-fulltext,218
INFECTS,GPT-fulltext,206
CAUSE,GPT-fulltext,200
CONTRIBUTES_TO,GPT-fulltext,196
ENTERS,GPT-fulltext,156
INCLUDE,GPT-fulltext,150
IS_ASSOCIATED_WITH,GPT-fulltext,146
USES,GPT-fulltext,144
ASSOCIATED_WITH,GPT-fulltext,138
INDUCE,GPT-fulltext,130
LEAD_TO,GPT-fulltext,108
INVADES,GPT-fulltext,104
ACTIVATE,GPT-fulltext,102
REDUCES,GPT-fulltext,102
CONTRIBUTE_TO,GPT-fulltext,100
STIMULATES,GPT-fulltext,100
POSITIVECORRELATION,CBM,98
DISRUPTS,GPT-fulltext,96
INCREASE,GPT-fulltext,94
ALTERS,GPT-fulltext,90
IMPAIRS,GPT-fulltext,88
MEDIATES,GPT-fulltext,88
PRODUCES,GPT-fulltext,86
INDUCES,GPT,84
INFECT,CBM,84
RELEASE,GPT-fulltext,84
ENHANCES,GPT-fulltext,82
INTERACTS_WITH,GPT-fulltext,82
INVOLVES,GPT-fulltext,80
PROMOTE,GPT-fulltext,80
RESULTS_IN,GPT,78
AFFECTS,GPT,76
DECREASES,GPT-fulltext,74
EXACERBATES,GPT-fulltext,74
RELEASES,GPT-fulltext,74
DAMAGES,GPT-fulltext,70
FACILITATES,GPT-fulltext,68
BINDS,GPT-fulltext,64
TRIGGER,GPT-fulltext,64
ACTIVATES,GPT,60
INCLUDES,GPT-fulltext,58
TRIGGERS,GPT,58
INCREASES,GPT,56
IS_RELATED_TO,GPT-fulltext,56
REACHES,GPT-fulltext,56
INHIBITS,GPT-fulltext,52
MODULATES,GPT-fulltext,52
CROSSES,GPT-fulltext,50
AFFECT,GPT-fulltext,48
HAS,GPT-fulltext,48
IS,GPT-fulltext,48
INFECT,GPT-fulltext,46
TARGETS,GPT-fulltext,46
BINDS_TO,GPT-fulltext,44
IS_EXPRESSED_IN,GPT-fulltext,44
PRODUCE,GPT-fulltext,44
RESULT_IN,GPT-fulltext,44
ASSOCIATES_WITH,GPT-fulltext,42
CORRELATES_WITH,GPT-fulltext,42
DETECTED_IN,GPT-fulltext,42
EXPRESS,GPT-fulltext,42
REGULATES,GPT-fulltext,42
ALLOWS,GPT-fulltext,40
CONTRIBUTES_TO,GPT,40
ENTER,GPT-fulltext,40
REGULATE,CBM,40
ELEVATES,GPT-fulltext,38
PRODUCES,GPT,38
STIMULATE,GPT-fulltext,38
COMPROMISES,GPT-fulltext,34
DRIVES,GPT-fulltext,34
ENTERS,GPT,34
GENERATES,GPT-fulltext,34
RELEASES,GPT,34
SPREADS,GPT-fulltext,32
UPREGULATES,GPT-fulltext,32
ACCELERATES,GPT-fulltext,30
FAVORS,GPT-fulltext,30
IMPACTS,GPT-fulltext,30
INITIATES,GPT-fulltext,30
PREVENTS,GPT-fulltext,30
SPREADS_TO,GPT-fulltext,30
SUGGESTED_TO_CROSS,GPT-fulltext,30
ARE,GPT-fulltext,28
CAUSE,GPT,28
DOWNREGULATES,GPT-fulltext,28
INFECTS,GPT,28
OCCURS_IN,GPT-fulltext,28
SECRETE,GPT-fulltext,28
CHANGES,GPT-fulltext,26
IMPLICATES,GPT-fulltext,26
INFLUENCES,GPT-fulltext,26
MAY_TRIGGER,GPT-fulltext,26
PLAYS,GPT-fulltext,26
REGULATE,GPT-fulltext,26
RESPOND_TO,GPT-fulltext,26
SHOW,GPT-fulltext,26
BIND,GPT-fulltext,24
DAMAGE,GPT-fulltext,24
ELICITS,GPT-fulltext,24
EXHIBIT,GPT-fulltext,24
HAVE,GPT-fulltext,24
IS_CHARACTERIZED_BY,GPT-fulltext,24
MEDIATE,GPT-fulltext,24
ACTIVATE,GPT,22
ACTS_AS,GPT-fulltext,22
ASSOCIATE_WITH,GPT-fulltext,22
BINDS,GPT,22
CAN_INCLUDE,GPT-fulltext,22
CLEAVES,GPT-fulltext,22
CROSS,GPT-fulltext,22
DISRUPT,GPT-fulltext,22
IMPAIR,GPT-fulltext,22
INVOLVES,GPT,22
PENETRATES,GPT-fulltext,22
PRESENT_IN,GPT-fulltext,22
REDUCES,GPT,22
DECREASE,GPT-fulltext,20
FACILITATE,GPT-fulltext,20
INTERACT_WITH,GPT-fulltext,20
MEDIATED_BY,GPT-fulltext,20
OBSERVED_IN,GPT-fulltext,20
TRANSMIT,GPT-fulltext,20
AGGRAVATES,GPT-fulltext,18
ARE_ASSOCIATED_WITH,GPT-fulltext,18
BECOME,GPT-fulltext,18
EXERTS,GPT-fulltext,18
EXPRESSES,GPT-fulltext,18
IMPACT,GPT-fulltext,18
INDICATE,GPT-fulltext,18
INVADE,GPT-fulltext,18
INVOLVED_IN,GPT-fulltext,18
LEAD_TO,GPT,18
PROMPTS,GPT-fulltext,18
SHARE,GPT-fulltext,18
ARE_EXPRESSED_IN,GPT-fulltext,16
CORRELATE_WITH,GPT-fulltext,16
DYSREGULATES,GPT-fulltext,16
EXPERIENCE,GPT-fulltext,16
FOUND_IN,GPT-fulltext,16
FOUND_IN,GPT,16
INCLUDES,GPT,16
INFLUENCE,GPT-fulltext,16
INITIATE,GPT-fulltext,16
IS_INVOLVED_IN,GPT-fulltext,16
OCCURS_VIA,GPT-fulltext,16
PLAY,GPT-fulltext,16
POTENTIATES,GPT-fulltext,16
PROVOKES,GPT-fulltext,16
REACH,GPT-fulltext,16
SERVE_AS,GPT-fulltext,16
TRANSPORT,GPT-fulltext,16
ACTS_ON,GPT-fulltext,14
AFFECT,GPT,14
ALTER,GPT-fulltext,14
ARE_PRESENT_IN,GPT-fulltext,14
ATTACKS,GPT-fulltext,14
ATTRIBUTED_TO,GPT-fulltext,14
CORRELATED_WITH,GPT-fulltext,14
DEPLETES,GPT-fulltext,14
DRIVE,GPT-fulltext,14
EXPLAINS,GPT-fulltext,14
INDICATES,GPT-fulltext,14
INHIBIT,GPT-fulltext,14
LINKED_TO,GPT-fulltext,14
MAY_CAUSE,GPT-fulltext,14
MIMICS,GPT-fulltext,14
REDUCE,GPT-fulltext,14
SUGGESTS,GPT-fulltext,14
SUPPRESSES,GPT-fulltext,14
USE,GPT-fulltext,14
AMELIORATES,GPT-fulltext,12
BIND_TO,GPT-fulltext,12
BLOCKS,GPT-fulltext,12
CAN_CAUSE,GPT-fulltext,12
CARRY,GPT-fulltext,12
EXACERBATE,GPT-fulltext,12
EXHIBITS,GPT-fulltext,12
EXPRESSED_IN,GPT-fulltext,12
GENERATE,GPT-fulltext,12
IMPLICATED_IN,GPT-fulltext,12
INCITES,GPT-fulltext,12
INCLUDE,GPT,12
INFILTRATE,GPT-fulltext,12
INFILTRATES,GPT-fulltext,12
IS_EXPRESSED,GPT-fulltext,12
IS_EXPRESSED_BY,GPT-fulltext,12
IS_LINKED_TO,GPT-fulltext,12
LINKS,GPT-fulltext,12
MAY_RESULT_IN,GPT-fulltext,12
MODULATE,GPT-fulltext,12
NEGATIVECORRELATION,CBM,12
PERPETUATES,GPT-fulltext,12
PRESENTS_WITH,GPT-fulltext,12
PROVIDES,GPT-fulltext,12
RECRUITS,GPT-fulltext,12
REFLECTS,GPT-fulltext,12
RELATED_TO,GPT-fulltext,12
RELEASE,GPT,12
SHOWED,GPT-fulltext,12
SHOWS,GPT-fulltext,12
ACCOMPANIED_BY,GPT-fulltext,10
ACT_AS,GPT-fulltext,10
ACT_THROUGH,GPT-fulltext,10
ARE_EXPRESSED_BY,GPT-fulltext,10
ARE_FOUND_IN,GPT-fulltext,10
ATTACK,GPT-fulltext,10
CAUSED_BY,GPT-fulltext,10
COMPROMISE,GPT-fulltext,10
CONNECTS_TO,GPT-fulltext,10
CONTAIN,GPT-fulltext,10
CONTAINS,GPT-fulltext,10
CONTROLS,GPT-fulltext,10
CONVERTS,GPT-fulltext,10
CREATES,GPT-fulltext,10
CROSSES,GPT,10
CULMINATES_IN,GPT-fulltext,10
DECREASES,GPT,10
DISPLAY,GPT-fulltext,10
ENHANCE,GPT-fulltext,10
GAINS_ACCESS,GPT-fulltext,10
IDENTIFIED,GPT-fulltext,10
IMPROVES,GPT-fulltext,10
INFLUENCES,GPT,10
IS_ACCOMPANIED_BY,GPT-fulltext,10
LINKED_WITH,GPT-fulltext,10
MAINTAIN,GPT-fulltext,10
MAKES,GPT-fulltext,10
MANIFESTS_AS,GPT-fulltext,10
MAY_BE,GPT-fulltext,10
MAY_LEAD_TO,GPT-fulltext,10
OCCURS_THROUGH,GPT-fulltext,10
PARTICIPATE_IN,GPT-fulltext,10
PREDICTS,GPT-fulltext,10
SHIFTS,GPT-fulltext,10
SUGGEST,GPT-fulltext,10
TRANSMITS,GPT-fulltext,10
UTILIZES,GPT-fulltext,10
WORSENS,GPT-fulltext,10
ALLEVIATES,GPT-fulltext,8
AMPLIFIES,GPT-fulltext,8
ARE_INVOLVED_IN,GPT-fulltext,8
ARE_VULNERABLE_TO,GPT-fulltext,8
BECOMES,GPT-fulltext,8
CAUSE,CBM,8
CHANGE,GPT-fulltext,8
CHARACTERIZED_BY,GPT-fulltext,8
CONVERTS,GPT,8
COULD_BE,GPT-fulltext,8
CULMINATE_IN,GPT-fulltext,8
DETECTED,GPT-fulltext,8
DETERMINES,GPT-fulltext,8
ENHANCES,GPT,8
EXPRESSED_BY,GPT-fulltext,8
FACILITATED_BY,GPT-fulltext,8
FORMS,GPT-fulltext,8
FORMS,GPT,8
IMPACTS,GPT,8
INDICATED_BY,GPT-fulltext,8
INDUCED_BY,GPT-fulltext,8
INSTIGATES,GPT-fulltext,8
INTERACTS_WITH,GPT,8
INVADES,GPT,8
IS_ELEVATED_IN,GPT-fulltext,8
IS_IMPLICATED_IN,GPT-fulltext,8
IS_PARAMETER_OF,GPT-fulltext,8
IS_PRESENT_IN,GPT-fulltext,8
IS_PRODUCED_BY,GPT-fulltext,8
LIMITS,GPT-fulltext,8
LOWERS,GPT-fulltext,8
MAY_CO_OCCUR_WITH,GPT-fulltext,8
MODIFIES,GPT-fulltext,8
PASS_THROUGH,GPT-fulltext,8
PHOSPHORYLATES,GPT-fulltext,8
PLAYS_ROLE_IN,GPT-fulltext,8
PLAY_ROLE_IN,GPT-fulltext,8
PRESENT,GPT-fulltext,8
PRIMES,GPT-fulltext,8
PROPAGATES,GPT-fulltext,8
PROPOSED_AS,GPT-fulltext,8
PROPOSES,GPT-fulltext,8
REACTS_WITH,GPT-fulltext,8
RECOGNIZE,GPT-fulltext,8
REPLICATES_IN,GPT-fulltext,8
RESULTS_FROM,GPT-fulltext,8
STIMULATES,GPT,8
SUPPRESS,GPT-fulltext,8
TARGET,GPT-fulltext,8
TRAVELS,GPT,8
TRIGGER,CBM,8
UNDERGOES,GPT,8
ABROGATES,GPT-fulltext,6
ACCESSES,GPT-fulltext,6
ACCORDS_WITH,GPT-fulltext,6
ADOPT,GPT-fulltext,6
AGGRAVATE,GPT-fulltext,6
AIMS_TO,GPT-fulltext,6
ALLOW,GPT-fulltext,6
ALLOWS,GPT,6
ALTERS,GPT,6
AMPLIFY,GPT-fulltext,6
ARE_AFFECTED_BY,GPT,6
ARE_CATEGORIZED_INTO,GPT-fulltext,6
ARE_IMPLICATED_IN,GPT-fulltext,6
ARE_LINKED_TO,GPT-fulltext,6
ARE_SENSED_BY,GPT-fulltext,6
ASSIST,GPT-fulltext,6
ATTACHES_TO,GPT-fulltext,6
BOOSTS,GPT-fulltext,6
BREACHES,GPT-fulltext,6
CAN_DAMAGE,GPT-fulltext,6
CARRIES,GPT,6
CONNECTS_TO,GPT,6
CONTAINS,GPT,6
CONVERT,GPT-fulltext,6
COUNTERACTS,GPT-fulltext,6
CO_REGULATES,GPT-fulltext,6
DAMAGES,GPT,6
DEGRADES,GPT-fulltext,6
DEMONSTRATES,GPT-fulltext,6
DEVELOPS,GPT-fulltext,6
DIMINISHES,GPT-fulltext,6
DISRUPTS,GPT,6
DISTURBS,GPT-fulltext,6
ELIMINATE,GPT-fulltext,6
ENABLES,GPT-fulltext,6
EVOKE,GPT-fulltext,6
EXTENDS_TO,GPT-fulltext,6
FAVOR,GPT-fulltext,6
FORM,GPT-fulltext,6
HELPS_IN,GPT-fulltext,6
HINDERS,GPT-fulltext,6
IDENTIFIED_IN,GPT-fulltext,6
IMPEDES,GPT-fulltext,6
INCORPORATES,GPT-fulltext,6
INJURES,GPT-fulltext,6
INTERFERES_WITH,GPT-fulltext,6
INVESTIGATE,GPT-fulltext,6
IS_A_RISK_FACTOR_FOR,GPT-fulltext,6
IS_ESSENTIAL_FOR,GPT-fulltext,6
IS_OBSERVED_IN,GPT-fulltext,6
LACK,GPT-fulltext,6
LINKED_TO,GPT,6
MAINTAINS,GPT-fulltext,6
MAY_DEVELOP,GPT-fulltext,6
MAY_DISRUPT,GPT-fulltext,6
MIGRATES_TO,GPT-fulltext,6
MINIMIZES,GPT-fulltext,6
NEGATIVELY_REGULATES,GPT-fulltext,6
OCCURS_IN,GPT,6
ORCHESTRATE,GPT-fulltext,6
PASSES_THROUGH,GPT-fulltext,6
PERSIST,GPT-fulltext,6
PERSISTS_IN,GPT-fulltext,6
PLAYS_A_ROLE_IN,GPT-fulltext,6
PRECEDES,GPT-fulltext,6
PRECIPITATE,GPT-fulltext,6
PREDISPOSES,GPT-fulltext,6
PREVENT,GPT-fulltext,6
PROMOTED,GPT-fulltext,6
PROVIDE,GPT-fulltext,6
PROVOKE,GPT-fulltext,6
REACTIVATES,GPT-fulltext,6
REACT_WITH,GPT-fulltext,6
RECRUIT,GPT-fulltext,6
REPLICATE,GPT-fulltext,6
REPORTED_IN,GPT-fulltext,6
RESTORES,GPT-fulltext,6
REVEALED_IN,GPT-fulltext,6
SERVES_AS,GPT-fulltext,6
SIGNALS,GPT-fulltext,6
SPREADS_VIA,GPT-fulltext,6
SUPPORT,GPT-fulltext,6
SUPPORTS,GPT-fulltext,6
TARGETS,GPT,6
TRANSPORTS,GPT,6
TRAVELS,GPT-fulltext,6
TRAVELS_VIA,GPT,6
UNDERGO,GPT,6
UNDERGOES,GPT-fulltext,6
UPREGULATE,GPT-fulltext,6
UP_REGULATE,GPT-fulltext,6
WAS_ASSOCIATED_WITH,GPT-fulltext,6
WERE_FOUND_TO_BE,GPT-fulltext,6
ACCOUNTS_FOR,GPT-fulltext,4
ACCUMULATES,GPT,4
ACCUMULATE_IN,GPT-fulltext,4
AMELIORATE,GPT-fulltext,4
ARE_INVOLVED_WITH,GPT-fulltext,4
ARE_LESS,GPT-fulltext,4
ARE_RELEASED,GPT-fulltext,4
ARE_RESPONSIBLE_FOR,GPT-fulltext,4
ASCEND,GPT-fulltext,4
ATTENUATES,GPT-fulltext,4
ATTRACT,GPT-fulltext,4
ATTRACTS,GPT-fulltext,4
BECOME_INFECTED_BY,GPT-fulltext,4
BINDS_WITH,GPT-fulltext,4
BRING_ABOUT,GPT-fulltext,4
CAN_ACTIVATE,GPT-fulltext,4
CAN_BE_NEUTRALIZED_BY,GPT-fulltext,4
CAN_HAVE,GPT-fulltext,4
CATALYZES,GPT-fulltext,4
COMMUNICATES_WITH,GPT-fulltext,4
CONDUCES_TO,GPT-fulltext,4
CONNECT,GPT-fulltext,4
CONSIDERED_IN,GPT-fulltext,4
COULD_BE_RELATED_TO,GPT-fulltext,4
DECREASE,GPT,4
DELAYS,GPT-fulltext,4
DEPENDS_ON,GPT-fulltext,4
DEREGULATES,GPT-fulltext,4
DESTABILIZES,GPT-fulltext,4
DESTROY,GPT-fulltext,4
DETECTS,GPT-fulltext,4
DEVELOP,GPT-fulltext,4
DIFFUSES,GPT-fulltext,4
DIRECTS,GPT-fulltext,4
DOWN_REGULATES,GPT-fulltext,4
DYSREGULATE,GPT-fulltext,4
EMPLOYS,GPT-fulltext,4
ENCOUNTER,GPT-fulltext,4
ENTERS_BRAIN,GPT-fulltext,4
ENTERS_VIA,GPT-fulltext,4
ENTERS_VIA,GPT,4
EXACERBATES,GPT,4
EXCHANGE_FLUIDS_WITH,GPT-fulltext,4
EXERT,GPT-fulltext,4
EXHIBIT_MOLECULAR_INTERACTIONS,GPT-fulltext,4
EXISTS,GPT-fulltext,4
EXPANDS,GPT-fulltext,4
EXPERIENCES,GPT,4
EXPLAIN,GPT-fulltext,4
EXPLOITS,GPT-fulltext,4
EXPOSES,GPT-fulltext,4
EXPRESSES_IN,GPT-fulltext,4
EXPRESSES_ON,GPT-fulltext,4
FOLLOWS,GPT-fulltext,4
FORMS_COMPLEX_WITH,GPT-fulltext,4
GAINS_ACCESS_TO,GPT-fulltext,4
HAS_AFFINITY_TO,GPT-fulltext,4
HELPS,GPT-fulltext,4
HIJACKS,GPT-fulltext,4
IMPAIRS,GPT,4
IMPLY,GPT-fulltext,4
IMPROVE,GPT-fulltext,4
INCREASED,GPT-fulltext,4
INCREASES_RISK_OF,GPT-fulltext,4
INCREASES_WITH,GPT-fulltext,4
INCREMENTS,GPT-fulltext,4
INDUCE,GPT,4
INDUCED,GPT-fulltext,4
INFECTS_CELLS_VIA,GPT-fulltext,4
INFLICT,GPT-fulltext,4
INHIBITS,GPT,4
INNERVATES,GPT-fulltext,4
INSTIGATE,GPT-fulltext,4
INTERNALIZES,GPT-fulltext,4
INVOLVE,GPT-fulltext,4
IS_A_TARGET_OF,GPT-fulltext,4
IS_CONSIDERED,GPT-fulltext,4
IS_CONTROLLED_BY,GPT-fulltext,4
IS_CONVERTED_TO,GPT,4
IS_EXACERBATED_BY,GPT-fulltext,4
IS_EXPRESSED_ON,GPT-fulltext,4
IS_FOUND_IN,GPT-fulltext,4
IS_INITIATED_BY,GPT-fulltext,4
IS_PRESENT,GPT-fulltext,4
IS_RESPONSIBLE_FOR,GPT-fulltext,4
IS_RISK_FOR,GPT-fulltext,4
IS_TRIGGERED_BY,GPT-fulltext,4
LEAVES,GPT-fulltext,4
LIMIT,GPT-fulltext,4
LINKS_WITH,GPT-fulltext,4
LIVES_IN,GPT-fulltext,4
LOCATED_IN,GPT-fulltext,4
LOCATED_ON,GPT,4
LOSE,GPT-fulltext,4
MANIPULATES,GPT-fulltext,4
MARKED_BY,GPT-fulltext,4
MAY_BE_AT_RISK_OF,GPT-fulltext,4
MAY_ENTER,GPT-fulltext,4
MIGRATES,GPT-fulltext,4
MIGRATE_TO,GPT-fulltext,4
MIMIC,GPT-fulltext,4
MITIGATES,GPT-fulltext,4
MODIFY,GPT-fulltext,4
OBSERVED,GPT-fulltext,4
OCCURS,GPT-fulltext,4
OCCURS_FROM,GPT,4
OCCUR_IN,GPT-fulltext,4
ORCHESTRATES,GPT-fulltext,4
OVER_ACTIVATES,GPT-fulltext,4
PARTICIPATES_IN,GPT-fulltext,4
PENETRATE,GPT-fulltext,4
PERPETUATE,GPT-fulltext,4
PERSISTS,GPT-fulltext,4
PHOSPHORYLATES,GPT,4
POLARIZES_TO,GPT,4
POSES_RISK_OF,GPT-fulltext,4
POTENTIAL_ROUTES_OF,GPT-fulltext,4
POTENTIATE,GPT-fulltext,4
PRIME,GPT-fulltext,4
PROBABLY_INTERACTS_WITH,GPT,4
PRODUCES_LESS,GPT,4
PROJECTS_TO,GPT-fulltext,4
PROMOTES,GPT,4
PROVIDES,GPT,4
REACHES,GPT,4
REACTIVATE,GPT-fulltext,4
RECOGNIZES,GPT-fulltext,4
REGULATES,GPT,4
RELIES_ON,GPT-fulltext,4
RENDERS,GPT-fulltext,4
REPLICATES,GPT-fulltext,4
REPRESENTS,GPT-fulltext,4
REQUIRES,GPT-fulltext,4
RESEMBLES,GPT-fulltext,4
RESPONDED_TO,GPT-fulltext,4
RESPOND_BY,GPT-fulltext,4
RESTRICTS,GPT-fulltext,4
RESULTED_IN,GPT-fulltext,4
REVEALED,GPT-fulltext,4
SECRETES,GPT-fulltext,4
SPREAD,GPT-fulltext,4
SPREADS,GPT,4
SPREADS_FROM,GPT-fulltext,4
SPREADS_IN,GPT-fulltext,4
SPREADS_INTO,GPT-fulltext,4
SPREADS_THROUGH,GPT-fulltext,4
SPREAD_INTO,GPT-fulltext,4
STAINS,GPT-fulltext,4
SUFFER_FROM,GPT-fulltext,4
SYNTHESIZE,GPT-fulltext,4
SYNTHESIZES,GPT-fulltext,4
TRANSFER,GPT-fulltext,4
TRANSFERS,GPT-fulltext,4
TRANSFERS_THROUGH,GPT-fulltext,4
TRANSPORTED_TO,GPT-fulltext,4
TRANSPORTS,GPT-fulltext,4
TRAVEL,GPT-fulltext,4
TRAVERSES,GPT-fulltext,4
UNDERLIES,GPT-fulltext,4
UPREGULATED,GPT-fulltext,4
UP_REGULATES,GPT-fulltext,4
WORSENS,GPT,4
ABOLISHES,GPT-fulltext,2
ACCELERATE,GPT-fulltext,2
ACCENTUATES,GPT-fulltext,2
ACCESS,GPT-fulltext,2
ACCESSED_THROUGH,GPT-fulltext,2
ACCOMPANIES,GPT-fulltext,2
ACCOMPLISHED_BY,GPT-fulltext,2
ACCUMULATE,GPT-fulltext,2
ACCUMULATES_AND_BINDS_TO,GPT-fulltext,2
ACHIEVES,GPT-fulltext,2
ACTIVATE_IN,GPT-fulltext,2
ACTIVATION_LEADS_TO,GPT-fulltext,2
ACTS_IN,GPT-fulltext,2
ACTS_WITH,GPT-fulltext,2
ACT_ON,GPT-fulltext,2
ACT_WITH,GPT-fulltext,2
ADHERE,GPT,2
ADHERES_TO,GPT-fulltext,2
ADOPTS,GPT-fulltext,2
AFFECTED_BY,GPT,2
AGGRAVATES,GPT,2
AID,GPT-fulltext,2
AIDS,GPT,2
ALLOWS_FOR,GPT-fulltext,2
ANCHORS_TO,GPT-fulltext,2
APPEAR_AFTER,GPT-fulltext,2
ARE,GPT,2
ARE_ACCOMPANIED_BY,GPT-fulltext,2
ARE_ACTIVATED_BY,GPT-fulltext,2
ARE_ACTIVATED_IN,GPT-fulltext,2
ARE_AT_HIGHER_RISK_FOR,GPT-fulltext,2
ARE_AT_RISK_FOR,GPT-fulltext,2
ARE_AT_RISK_TO_DEVELOP,GPT-fulltext,2
ARE_CONNECTED_WITH,GPT-fulltext,2
ARE_CONSIDERED,GPT-fulltext,2
ARE_CONSISTENT_WITH,GPT-fulltext,2
ARE_DESCRIBED,GPT-fulltext,2
ARE_DETECTED_AT,GPT-fulltext,2
ARE_DETECTED_BY,GPT-fulltext,2
ARE_DETECTED_IN,GPT-fulltext,2
ARE_DISTRIBUTED_IN,GPT-fulltext,2
ARE_DRIVEN_BY,GPT-fulltext,2
ARE_ELEVATED_IN,GPT-fulltext,2
ARE_EXPRESSED_ON,GPT-fulltext,2
ARE_FOUND_ON,GPT-fulltext,2
ARE_GREATER_THAN,GPT-fulltext,2
ARE_GROUNDED_IN,GPT-fulltext,2
ARE_IMPAIRED_BY,GPT-fulltext,2
ARE_IMPORTANT_FOR,GPT,2
ARE_INDUCED_BY,GPT-fulltext,2
ARE_INFECTED_WITH,GPT-fulltext,2
ARE_INJURED_BY,GPT-fulltext,2
ARE_LESS_CAPABLE_OF,GPT-fulltext,2
ARE_LINKED_WITH,GPT-fulltext,2
ARE_LOCATED_IN,GPT-fulltext,2
ARE_MAPPED,GPT-fulltext,2
ARE_MODULATED,GPT-fulltext,2
ARE_NOT_SUSCEPTIBLE_TO,GPT-fulltext,2
ARE_OBSERVED_IN_ASSOCIATION_WITH,GPT-fulltext,2
ARE_PERMISSIVE_FOR,GPT-fulltext,2
ARE_POSITIVE_FOR,GPT-fulltext,2
ARE_PREDISPOSED_TO,GPT-fulltext,2
ARE_PRESENT,GPT-fulltext,2
ARE_RECOGNIZED_BY,GPT-fulltext,2
ARE_RELEASED_BY,GPT-fulltext,2
ARE_RELEASED_FROM,GPT-fulltext,2
ARE_SENSITIVE_TO,GPT-fulltext,2
ARE_SHARED_BY,GPT-fulltext,2
ARE_SUSCEPTIBLE_TO,GPT-fulltext,2
ARE_SUSPECTED_OF,GPT-fulltext,2
ARE_TAKEN_UP_BY,GPT-fulltext,2
ARE_TRANSPORTED,GPT-fulltext,2
ARE_USED_FOR,GPT-fulltext,2
ARE_WIDESPREAD,GPT-fulltext,2
ARRIVES_AT,GPT-fulltext,2
ASSOCIATED_WITH,GPT,2
ATTAINS,GPT-fulltext,2
AUGMENT,GPT-fulltext,2
AUGMENTS,GPT-fulltext,2
BECOME_ACTIVATED,GPT-fulltext,2
BEGINS,GPT-fulltext,2
BENEFIT,GPT-fulltext,2
BLOCK,GPT-fulltext,2
BYPASS,GPT-fulltext,2
CAN_BE,GPT-fulltext,2
CAN_BE_ASSOCIATED_WITH,GPT-fulltext,2
CAN_BE_GENERATED,GPT-fulltext,2
CAN_BE_INDUCED_BY,GPT-fulltext,2
CAN_DISRUPT,GPT-fulltext,2
CAN_EXACERBATE,GPT-fulltext,2
CAN_INCREASE,GPT-fulltext,2
CAN_INFECT,GPT-fulltext,2
CAN_LEAD_TO,GPT-fulltext,2
CAN_PRECIPITATE,GPT-fulltext,2
CAN_REDUCE,GPT-fulltext,2
CAN_RESULT_IN,GPT-fulltext,2
CAN_SHARE_IN,GPT-fulltext,2
CAN_TRANSFER,GPT-fulltext,2
CAN_WORSEN,GPT-fulltext,2
CAUSED,GPT-fulltext,2
CAUSES_DAMAGE,GPT-fulltext,2
CHARACTERISED_BY,GPT-fulltext,2
CHARACTERIZES,GPT-fulltext,2
CHRONICALLY_ACTIVATES,GPT-fulltext,2
CIRCULATE_IN,GPT-fulltext,2
CIRCULATE_IN,GPT,2
CLEARS,GPT-fulltext,2
CLEAVES_WITHIN,GPT-fulltext,2
CLUSTER_AROUND,GPT-fulltext,2
COINCIDES_WITH,GPT-fulltext,2
COLOCALIZE_WITH,GPT-fulltext,2
COMBINES_WITH,GPT-fulltext,2
COMMUNICATE_WITH,GPT-fulltext,2
COMPROMISES,GPT,2
CONDUCTS_TO,GPT-fulltext,2
CONFER,GPT-fulltext,2
CONGREGATE_NEAR,GPT-fulltext,2
CONNECT,GPT,2
CONNECTED_WITH,GPT-fulltext,2
CONNECTS,GPT,2
CONNECT_TO,GPT,2
CONNECT_TO,GPT-fulltext,2
CONSIST_OF,GPT-fulltext,2
CONSTITUTE,GPT-fulltext,2
CONSTITUTES,GPT-fulltext,2
CONTACTS,GPT-fulltext,2
CONTRIBUTE,GPT-fulltext,2
CONTRIBUTE_TO,GPT,2
CONTROL,GPT-fulltext,2
CONVERTS_TO,GPT,2
COOPERATES_WITH,GPT-fulltext,2
COORDINATE,GPT-fulltext,2
CORROBORATE,GPT-fulltext,2
COSTIMULATED_BY,GPT-fulltext,2
COULD_AGGRAVATE,GPT-fulltext,2
COULD_ATTENUATE,GPT-fulltext,2
COULD_BE_CAUSE_OF,GPT-fulltext,2
COULD_BE_DUE_TO,GPT-fulltext,2
COULD_BE_PLAYING,GPT-fulltext,2
COULD_CAUSE,GPT-fulltext,2
COULD_CONTRIBUTE_TO,GPT-fulltext,2
COULD_ELEVATE,GPT-fulltext,2
COULD_ENTER,GPT-fulltext,2
COULD_HAVE,GPT-fulltext,2
COULD_LEAD_TO,GPT-fulltext,2
COULD_PENETRATE,GPT-fulltext,2
COULD_PRODUCE,GPT-fulltext,2
COULD_REACH,GPT-fulltext,2
COULD_REPRESENT,GPT-fulltext,2
COULD_SHRINK,GPT-fulltext,2
COULD_UNDERLIE,GPT-fulltext,2
CO_EXPRESS,GPT-fulltext,2
CO_LOCALIZED_WITH,GPT-fulltext,2
CO_LOCALIZE_WITH,GPT-fulltext,2
CREATE,GPT-fulltext,2
CROSS,GPT,2
CROSSES_OR_DAMAGES,GPT-fulltext,2
CROSS_BIND,GPT-fulltext,2
CROSS_REACT,GPT-fulltext,2
CROSS_REACT_AND_BIND,GPT-fulltext,2
CROSS_REACT_TO,GPT-fulltext,2
CROSS_REACT_WITH,GPT-fulltext,2
DAMAGED_BY,GPT,2
DECREASES_IN,GPT-fulltext,2
DECREASE_IN,GPT-fulltext,2
DEFINE,GPT-fulltext,2
DEFINED_AS,GPT-fulltext,2
DEMONSTRATE,GPT-fulltext,2
DEMONSTRATED_IN,GPT-fulltext,2
DEPICTS,GPT-fulltext,2
DEPOSITS,GPT-fulltext,2
DEPOSITS_ON,GPT-fulltext,2
DEREGULATE,GPT-fulltext,2
DESTABILIZE,GPT-fulltext,2
DESTROYS,GPT-fulltext,2
DETECT,GPT-fulltext,2
DETECTED_ON,GPT-fulltext,2
DETERIORATE,GPT-fulltext,2
DETERIORATES,GPT-fulltext,2
DETERMINE,GPT-fulltext,2
DEVELOPS_IN,GPT-fulltext,2
DIFFERENTIATE_INTO,GPT-fulltext,2
DIFFERENTIATE_INTO,GPT,2
DIMERIZES,GPT-fulltext,2
DIRECTLY_AFFECT,GPT-fulltext,2
DIRECTLY_CONTACTS,GPT-fulltext,2
DIRECTLY_INFECT,GPT,2
DISPERSES_THROUGH,GPT-fulltext,2
DISPLAYED,GPT-fulltext,2
DISPLAYED_IN,GPT-fulltext,2
DISPLAYS,GPT-fulltext,2
DISSEMINATES,GPT-fulltext,2
DISSEMINATES_INTO,GPT-fulltext,2
DISSEMINATES_TO,GPT-fulltext,2
DISSEMINATES_USING,GPT-fulltext,2
DISSEMINATE_TOWARD,GPT-fulltext,2
DISTORTS,GPT-fulltext,2
DISTRIBUTES,GPT-fulltext,2
DISTURB,GPT-fulltext,2
DIVERTS,GPT-fulltext,2
DOCKS,GPT-fulltext,2
DOCKS_TO,GPT,2
DOCUMENTED,GPT-fulltext,2
DOES_NOT_ACT_AS,GPT-fulltext,2
DOES_NOT_BIND,GPT-fulltext,2
DOES_NOT_INCREASE,GPT-fulltext,2
DOES_NOT_INVOKE,GPT-fulltext,2
DOES_NOT_REQUIRE,GPT-fulltext,2
DOWNMODULATES,GPT-fulltext,2
DOWNREGULATES,GPT,2
DO_NOT_REFLECT,GPT-fulltext,2
EASES,GPT-fulltext,2
EMERGE,GPT-fulltext,2
EMERGE_FROM,GPT-fulltext,2
EMPHASIZE,GPT-fulltext,2
EMPHASIZES,GPT-fulltext,2
ENABLE,GPT-fulltext,2
ENCIRCLE,GPT-fulltext,2
ENGAGES,GPT,2
ENGENDERS,GPT-fulltext,2
ENRICHES,GPT-fulltext,2
ENTERS_AND_SPREADS,GPT-fulltext,2
ENTERS_BRAIN_USING,GPT-fulltext,2
ENTERS_CELLS_VIA,GPT-fulltext,2
ENTERS_THROUGH,GPT-fulltext,2
ENTERS_THROUGH,GPT,2
ENTRAP,GPT-fulltext,2
ESCALATES,GPT-fulltext,2
ESPECIALLY_IN,GPT-fulltext,2
ESTABLISH,GPT-fulltext,2
EVADES,GPT-fulltext,2
EVADES_INTO,GPT-fulltext,2
EXAGGERATES,GPT-fulltext,2
EXHIBITED,GPT-fulltext,2
EXHIBITS,GPT,2
EXIST,GPT-fulltext,2
EXISTS_IN,GPT-fulltext,2
EXISTS_WITHIN,GPT-fulltext,2
EXPLAINED_BY,GPT-fulltext,2
EXPOSED_TO,GPT-fulltext,2
EXPRESS,GPT,2
EXPRESSED_ON,GPT-fulltext,2
EXPRESSION,GPT-fulltext,2
EXTEND_TO,GPT-fulltext,2
FACILITATE,GPT,2
FACILITATES,GPT,2
FAILS,GPT-fulltext,2
FAIL_TO_MAINTAIN,GPT-fulltext,2
FAIL_TO_PRODUCE,GPT-fulltext,2
FAIL_TO_REMOVE,GPT-fulltext,2
FAVOURS,GPT-fulltext,2
FEEDS,GPT-fulltext,2
FLOW_INTO,GPT-fulltext,2
FOLLOWED_BY,GPT-fulltext,2
FOLLOWS,GPT,2
FORM,GPT,2
FORMS_COMPLEXES_WITH,GPT-fulltext,2
FORM_HETERODIMERIC_COMPLEXES,GPT-fulltext,2
FOSTERS,GPT-fulltext,2
FRAGMENT,GPT-fulltext,2
FUELS,GPT-fulltext,2
FUNCTIONS_AS,GPT-fulltext,2
FUNCTIONS_IN,GPT-fulltext,2
FUNCTION_AS,GPT-fulltext,2
GAINS_ENTRY_ALONG,GPT-fulltext,2
GAIN_CAPACITY_TO_ENTER,GPT-fulltext,2
GAIN_ENTRY,GPT-fulltext,2
GENERATES_OH_RADICALS_THROUGH,GPT-fulltext,2
GETS_OXIDIZED_TO,GPT-fulltext,2
GIVES_RISE_TO,GPT-fulltext,2
GUIDES,GPT-fulltext,2
HALTED,GPT-fulltext,2
HAMPERS,GPT-fulltext,2
HARM,GPT-fulltext,2
HAS_AFFINITY_FOR,GPT-fulltext,2
HAS_BEEN_LINKED_TO,GPT-fulltext,2
HAS_INVERSE_RELATIONSHIP_WITH,GPT-fulltext,2
HAS_NEUROTROPHIC_EFFECT_ON,GPT-fulltext,2
HAS_PREDILECTION_FOR,GPT-fulltext,2
HAS_ROLE_IN,GPT-fulltext,2
HAVE_BEEN_FOUND,GPT-fulltext,2
HEIGHTENS,GPT-fulltext,2
HELP,GPT-fulltext,2
HELP_PREVENT,GPT-fulltext,2
HIGHER_IN,GPT-fulltext,2
HIGHLIGHTS,GPT-fulltext,2
HYPERACTIVATE,GPT-fulltext,2
HYPERACTIVATES,GPT-fulltext,2
IDENTIFIED_AS,GPT-fulltext,2
IDENTIFIED_ON,GPT-fulltext,2
IMBALANCED,GPT-fulltext,2
IMMORTALIZE,GPT-fulltext,2
IMPACTS_NEGATIVELY,GPT-fulltext,2
IMPAIRED,GPT-fulltext,2
IMPART,GPT-fulltext,2
IMPLICATE,GPT-fulltext,2
IMPLIES,GPT-fulltext,2
IMPORTS,GPT,2
IMPOSES,GPT-fulltext,2
IMPROVED,GPT-fulltext,2
IMPROVES,GPT,2
INCREASES_RISK_FOR,GPT-fulltext,2
INCREASE_IN,GPT-fulltext,2
INCREASE_RISK_OF,GPT-fulltext,2
INDIRECTLY_ACTIVATES,GPT-fulltext,2
INFECT,GPT,2
INFECTS_BRAIN_VIA,GPT-fulltext,2
INFILTRATES_WITH,GPT-fulltext,2
INFLAMES,GPT-fulltext,2
INFLICTS,GPT-fulltext,2
INHIBIT,GPT,2
INITIALLY_FOUND_IN,GPT-fulltext,2
INITIATES,GPT,2
INNERVATE,GPT-fulltext,2
INTEGRATES_INTO,GPT-fulltext,2
INTEGRATES_WITH,GPT-fulltext,2
INTENSIFIES,GPT-fulltext,2
INTERACT_IN,GPT-fulltext,2
INTERACT_WITH,GPT,2
INTERFERE_WITH,GPT-fulltext,2
INTERNALIZED_BY,GPT-fulltext,2
INTERSECTS,GPT-fulltext,2
INTRUDES,GPT-fulltext,2
INVADED_BY,GPT-fulltext,2
INVADES_BRAIN_THROUGH,GPT-fulltext,2
INVADES_CNS_VIA,GPT-fulltext,2
INVADES_THROUGH,GPT-fulltext,2
IRRITATE,GPT-fulltext,2
IS,GPT,2
ISOLATED,GPT-fulltext,2
IS_ABSORBED_BY,GPT-fulltext,2
IS_ACTIVATED,GPT-fulltext,2
IS_ASSOCIATED_WITH,GPT,2
IS_BELIEVED_TO_BE,GPT-fulltext,2
IS_CAUSED_BY,GPT-fulltext,2
IS_CLEAVED,GPT-fulltext,2
IS_CLEAVED_BY,GPT-fulltext,2
IS_COMPROMISED_BY,GPT-fulltext,2
IS_CONSIDERED_TO,GPT-fulltext,2
IS_CONVERTED_BY,GPT,2
IS_CONVERTED_TO,GPT-fulltext,2
IS_CORRELATED_WITH,GPT-fulltext,2
IS_CRUCIAL_FOR,GPT-fulltext,2
IS_CRUCIAL_IN,GPT-fulltext,2
IS_DAMAGED,GPT-fulltext,2
IS_DECREASED,GPT-fulltext,2
IS_DECREASED_IN,GPT-fulltext,2
IS_DEGRADED_BY,GPT-fulltext,2
IS_DEMONSTRATED_IN,GPT-fulltext,2
IS_DETECTED,GPT-fulltext,2
IS_DETECTED_IN,GPT-fulltext,2
IS_DISRUPTED,GPT-fulltext,2
IS_DRIVEN_BY,GPT-fulltext,2
IS_DYSFUNCTIONAL_IN,GPT-fulltext,2
IS_DYSREGULATED,GPT-fulltext,2
IS_DYSREGULATED_IN,GPT-fulltext,2
IS_ENRICHED,GPT-fulltext,2
IS_ESSENTIAL,GPT-fulltext,2
IS_EXPEDITED_BY,GPT-fulltext,2
IS_FACILITATED_BY,GPT-fulltext,2
IS_HIGHLY_EXPRESSED_IN,GPT-fulltext,2
IS_IDENTICAL_TO,GPT-fulltext,2
IS_IMPORTANT_FOR,GPT,2
IS_INCREASED_IN,GPT-fulltext,2
IS_INDICATED_BY,GPT-fulltext,2
IS_INDUCED_BY,GPT-fulltext,2
IS_INTERCONNECTED_WITH,GPT-fulltext,2
IS_INTERNALIZED_BY,GPT-fulltext,2
IS_INTERNALIZED_WITH,GPT-fulltext,2
IS_INVOLVED_IN,GPT,2
IS_LIKELY_TO_TRIGGER,GPT-fulltext,2
IS_LINKED_WITH,GPT-fulltext,2
IS_MEDIATE_BY,GPT-fulltext,2
IS_MEDIATE_THROUGH,GPT-fulltext,2
IS_MEDICATED_BY,GPT-fulltext,2
IS_POSSIBLY_MEDIATED_BY,GPT-fulltext,2
IS_PRIMARY_RECEPTOR_FOR,GPT-fulltext,2
IS_PRODUCED_DURING,GPT-fulltext,2
IS_PROPAGATED_THROUGH,GPT-fulltext,2
IS_RECOGNIZED_BY,GPT-fulltext,2
IS_RELATED_WITH,GPT-fulltext,2
IS_RELEASED_FROM,GPT-fulltext,2
IS_RELEASED_INTO,GPT-fulltext,2
IS_REPLICATED_IN,GPT-fulltext,2
IS_REQUIRED_FOR,GPT-fulltext,2
IS_SENSITIVE_TO,GPT-fulltext,2
IS_SHED,GPT-fulltext,2
IS_SUGGESTED_TO_BE,GPT-fulltext,2
IS_SUSCEPTIBLE_TO,GPT-fulltext,2
IS_SUSCEPTIBLE_TO,GPT,2
IS_TARGETED_BY,GPT-fulltext,2
IS_TARGETED_FOR,GPT-fulltext,2
IS_TERMED,GPT-fulltext,2
IS_TRANSFERRED_TO,GPT-fulltext,2
IS_TRANSPORTED_BY,GPT-fulltext,2
IS_TRANSPORTED_VIA,GPT-fulltext,2
IS_UPREGULATED,GPT-fulltext,2
IS_UPREGULATED_IN,GPT-fulltext,2
IS_VARIABLE_DUE_TO,GPT-fulltext,2
KILLS,GPT-fulltext,2
LEAKS,GPT-fulltext,2
LESSENS,GPT-fulltext,2
LINE,GPT-fulltext,2
LINK_TO,GPT-fulltext,2
LOCALIZE_TO,GPT-fulltext,2
LOCATED_IN,GPT,2
LOSES,GPT,2
LOSES,GPT-fulltext,2
LOWERS,GPT,2
MAGNIFIES,GPT-fulltext,2
MAKE,GPT-fulltext,2
MANIFEST_IN,GPT-fulltext,2
MATURE_INTO,GPT-fulltext,2
MAY_ACT_AS,GPT-fulltext,2
MAY_AFFECT,GPT-fulltext,2
MAY_BE_DUE_TO,GPT-fulltext,2
MAY_BE_INVOLVED_IN,GPT-fulltext,2
MAY_BE_LINKED_TO,GPT-fulltext,2
MAY_BE_REFLECTED_BY,GPT-fulltext,2
MAY_BE_RELATED_TO,GPT-fulltext,2
MAY_BE_RESPONSIBLE_FOR,GPT-fulltext,2
MAY_BE_RESULT_OF,GPT-fulltext,2
MAY_CAUSE,GPT,2
MAY_CONTRIBUTE_TO,GPT-fulltext,2
MAY_EXPOSE,GPT-fulltext,2
MAY_GENERATE,GPT-fulltext,2
MAY_HAVE,GPT-fulltext,2
MAY_IMPACT,GPT-fulltext,2
MAY_INDIRECTLY_ALTER,GPT-fulltext,2
MAY_INDUCE,GPT-fulltext,2
MAY_INFECT,GPT-fulltext,2
MAY_INTERACT_WITH,GPT-fulltext,2
MAY_INTERRUPT,GPT-fulltext,2
MAY_INVADE,GPT-fulltext,2
MAY_INVOLVE,GPT-fulltext,2
MAY_LINK_WITH,GPT-fulltext,2
MAY_PERSIST,GPT-fulltext,2
MAY_PLAY,GPT-fulltext,2
MAY_PRECEDE,GPT-fulltext,2
MAY_REMAIN,GPT-fulltext,2
MAY_SEQUESTER,GPT-fulltext,2
MAY_TRIGGER_OR_EXACERBATE,GPT-fulltext,2
MAY_UNDERLIE,GPT-fulltext,2
MEASURED_BY,GPT-fulltext,2
MEDIATED,GPT-fulltext,2
MIGHT_BECOME,GPT-fulltext,2
MIGHT_BE_INVOLVED_IN,GPT-fulltext,2
MIGHT_BE_TRANSFERRED,GPT-fulltext,2
MIGHT_CONTRIBUTE_TO,GPT-fulltext,2
MIGHT_COUNTERACT,GPT-fulltext,2
MIGHT_INCREASE,GPT-fulltext,2
MIGHT_INHIBIT,GPT-fulltext,2
MIGHT_INTERFERE_WITH,GPT-fulltext,2
MIGHT_SHOW,GPT-fulltext,2
MIGHT_UNBALANCE,GPT-fulltext,2
MIGRATES_THROUGH,GPT-fulltext,2
MIGRATE_ACROSS,GPT-fulltext,2
MIGRATE_BACK_INTO,GPT-fulltext,2
MIGRATE_VIA,GPT-fulltext,2
MIMETIZES,GPT-fulltext,2
MIMICS,GPT,2
MODULATES,GPT,2
MOVE,GPT,2
MOVES,GPT-fulltext,2
MOVES_ALONG,GPT-fulltext,2
MUST_INFECT,GPT-fulltext,2
NOTICEABLE_IN,GPT-fulltext,2
OBSTRUCT,GPT-fulltext,2
OBSTRUCTS,GPT-fulltext,2
OCCLUDE,GPT-fulltext,2
OCCUR,GPT-fulltext,2
OCCURS_ACROSS,GPT-fulltext,2
OCCURS_AGAINST,GPT-fulltext,2
OCCURS_AT,GPT-fulltext,2
OCCURS_BY,GPT-fulltext,2
OCCURS_DUE_TO,GPT-fulltext,2
OCCURS_DURING,GPT-fulltext,2
OCCURS_VIA,GPT,2
OPEN,GPT-fulltext,2
OPERATES,GPT-fulltext,2
OPPOSES,GPT-fulltext,2
ORIGINATES_FROM,GPT-fulltext,2
OVERCOMES,GPT-fulltext,2
OVERREACTS,GPT-fulltext,2
OVERRIDE,GPT-fulltext,2
OVERSTIMULATES,GPT-fulltext,2
OVERWHELM,GPT-fulltext,2
OVERWHELMS,GPT-fulltext,2
PARTAKES_IN,GPT-fulltext,2
PARTICIPATES,GPT-fulltext,2
PASS,GPT-fulltext,2
PASSES,GPT-fulltext,2
PENETRATES,GPT,2
PERFORMS,GPT-fulltext,2
PERMIT,GPT-fulltext,2
PERSISTS_BEYOND,GPT-fulltext,2
PERSISTS_DUE_TO,GPT-fulltext,2
PERSISTS_FOR,GPT-fulltext,2
PERSISTS_IN,GPT,2
PERSIST_DUE_TO,GPT-fulltext,2
PERSIST_IN,GPT-fulltext,2
PERSUADES,GPT-fulltext,2
PERTURBS,GPT-fulltext,2
PHAGOCYTOSE,GPT-fulltext,2
PHOSPHORYLATE,GPT-fulltext,2
POLARIZES,GPT-fulltext,2
POSE,GPT-fulltext,2
POSSESSES,GPT-fulltext,2
POTENTIALLY_LEADS_TO,GPT-fulltext,2
POTENTIALLY_UTILIZES,GPT-fulltext,2
PRECIPITATES,GPT-fulltext,2
PREDICT,GPT-fulltext,2
PREDISPOSE,GPT-fulltext,2
PREDISPOSES_TO,GPT-fulltext,2
PREFERS,GPT-fulltext,2
PRESERVES,GPT-fulltext,2
PRESUMES,GPT-fulltext,2
PREVAIL_THROUGH,GPT-fulltext,2
PREVENTS,GPT,2
PRIME,GPT,2
PRIMES_AND_ACTIVATES,GPT-fulltext,2
PROCESSES,GPT-fulltext,2
PRODUCE,GPT,2
PROGRESSES,GPT-fulltext,2
PROLIFERATE,GPT-fulltext,2
PROPAGATES_THROUGH,GPT-fulltext,2
PROTECTS,GPT-fulltext,2
PROTECTS_AGAINST,GPT-fulltext,2
PROVIDES_EVIDENCE_OF,GPT-fulltext,2
PROVOKED,GPT-fulltext,2
REACHES_AND_INFLAMES,GPT-fulltext,2
REACTIVATES,GPT,2
RECEIVES,GPT,2
RECOGNIZED_BY,GPT-fulltext,2
RECOVERED_AFTER,GPT-fulltext,2
REDUCED_IN,GPT-fulltext,2
RELATES_TO,GPT-fulltext,2
RELEASED_FROM,GPT-fulltext,2
RELEVANT_FOR,GPT-fulltext,2
REMAINS,GPT-fulltext,2
REMAINS_LATENT,GPT-fulltext,2
REPLACED_BY,GPT-fulltext,2
REPLICATES,GPT,2
REPLICATES_IN,GPT,2
REPLICATES_WITHIN,GPT-fulltext,2
REPLICATE_WITHIN,GPT-fulltext,2
REPORTS,GPT-fulltext,2
REPRESS,GPT-fulltext,2
REPRESSES,GPT-fulltext,2
REQUIRED_FOR,GPT-fulltext,2
RESCUES,GPT-fulltext,2
RESIDES_IN,GPT-fulltext,2
RESISTS,GPT-fulltext,2
RESPONDS_TO,GPT-fulltext,2
RESPONSIBLE_FOR,GPT-fulltext,2
RESTORE,GPT-fulltext,2
RESTORES,GPT,2
RESULT_FROM,GPT-fulltext,2
RETAIN,GPT-fulltext,2
RETAINS,GPT-fulltext,2
REVEAL,GPT-fulltext,2
REVEALS,GPT-fulltext,2
REVERSES,GPT-fulltext,2
SCAVENGES,GPT-fulltext,2
SEIZE,GPT-fulltext,2
SELF_ASSEMBLES_INTO,GPT-fulltext,2
SENSE,GPT-fulltext,2
SENSES,GPT-fulltext,2
SENSITIZE,GPT-fulltext,2
SENSITIZES,GPT-fulltext,2
SEQUESTRATE,GPT-fulltext,2
SEQUESTRATES,GPT-fulltext,2
SHARES,GPT-fulltext,2
SHARES_ANTIGENIC_EPITOPES,GPT-fulltext,2
SHED,GPT-fulltext,2
SHEDS,GPT-fulltext,2
SIGNAL,GPT-fulltext,2
SIGNAL_THROUGH,GPT-fulltext,2
SOLVES,GPT,2
SPEED_UP,GPT-fulltext,2
SPREADS_ACROSS,GPT-fulltext,2
SPREADS_DOWN,GPT-fulltext,2
SPREADS_QUICKLY_TO,GPT-fulltext,2
SPREAD_DOWN,GPT,2
SPREAD_THROUGH,GPT-fulltext,2
SPREAD_TO,GPT-fulltext,2
SPURS,GPT-fulltext,2
STALL,GPT-fulltext,2
STARTS,GPT-fulltext,2
STIMULATED,GPT-fulltext,2
STIMULATED_BY,GPT-fulltext,2
STIPULATE,GPT-fulltext,2
STOP,GPT-fulltext,2
STOPS,GPT-fulltext,2
STRENGTHENS,GPT-fulltext,2
STUDIED_IN,GPT-fulltext,2
SUBVERT,GPT-fulltext,2
SUFFERS,GPT,2
SUGGESTED_AS,GPT-fulltext,2
SUGGESTS_RELATIONSHIP_BETWEEN,GPT-fulltext,2
SUPPORT,GPT,2
SUPPORTS,GPT,2
SURROUNDS,GPT,2
SURVIVE,GPT-fulltext,2
SUSTAINS,GPT-fulltext,2
SWITCHES_BETWEEN,GPT-fulltext,2
TAKES_FORM_OF,GPT-fulltext,2
TAKES_PLACE_IN,GPT-fulltext,2
TARGETED_BY,GPT-fulltext,2
TESTED_POSITIVE_FOR,GPT-fulltext,2
THEORIZED_TO_CAUSE,GPT-fulltext,2
TIES_TO,GPT-fulltext,2
TRACK_TO,GPT-fulltext,2
TRAFFICS_BETWEEN,GPT-fulltext,2
TRAFFICS_VIA,GPT-fulltext,2
TRANSFERRED,GPT-fulltext,2
TRANSFER_TO,GPT-fulltext,2
TRANSFORMS,GPT-fulltext,2
TRANSFORM_INTO,GPT-fulltext,2
TRANSLOCATES,GPT-fulltext,2
TRANSLOCATES_TO,GPT,2
TRANSMIGRATES,GPT-fulltext,2
TRANSMIGRATE_TO,GPT-fulltext,2
TRANSMIT,GPT,2
TRANSMITS_TO,GPT-fulltext,2
TRANSPORTED_THROUGH,GPT-fulltext,2
TRANSPORTS_ACROSS,GPT-fulltext,2
TRANSPORTS_ALONG,GPT-fulltext,2
TRANSPORTS_FROM,GPT-fulltext,2
TRANSPORTS_VIA,GPT-fulltext,2
TRAVELS_ALONG,GPT-fulltext,2
TRAVELS_FROM,GPT-fulltext,2
TRAVELS_RETROGRADE,GPT-fulltext,2
TRAVELS_THROUGH,GPT-fulltext,2
TRAVELS_THROUGH,GPT,2
TRAVELS_VIA,GPT-fulltext,2
TRAVEL_INTO,GPT-fulltext,2
TRAVEL_TO,GPT-fulltext,2
TRAVERSE,GPT-fulltext,2
TRIGGER,GPT,2
TRIGGERED,GPT-fulltext,2
TRIGGERED_BY,GPT-fulltext,2
TRIGGER_OR_EXACERBATE,GPT-fulltext,2
TURNS,GPT-fulltext,2
UNDERGO,GPT-fulltext,2
UNDERSCORE,GPT-fulltext,2
UPSETS,GPT-fulltext,2
UPTAKE,GPT-fulltext,2
USED_AS,GPT-fulltext,2
USES,GPT,2
UTILIZES,GPT,2
VIA_ATR2,GPT,2
WAS_DEPENDENT_ON,GPT-fulltext,2
WAS_DETECTED_IN,GPT-fulltext,2
WAS_EVIDENCED_IN,GPT-fulltext,2
WAS_OBSERVED,GPT-fulltext,2
WAS_OBSERVED_DURING,GPT-fulltext,2
WAS_REPORTED_TO,GPT-fulltext,2
WAS_UPREGULATED_IN,GPT-fulltext,2
WERE_ASSOCIATED_WITH,GPT-fulltext,2
WERE_DISCOVERED_IN,GPT-fulltext,2
WERE_EVIDENCED_IN,GPT-fulltext,2
WERE_HIGH_IN,GPT-fulltext,2
WILL_AFFECT,GPT-fulltext,2
WORSEN,GPT-fulltext,2
NOT_FOUND,GPT-fulltext,1